Value,Group
1.692090692,3-Q
1.847458005,3-Q
1.649717342,3-Q
1.903954846,4-R
2.059321541,4-R
2.172316694,4-R
1.903955224,1-sh
2.016949604,1-sh
2.186440635,1-sh
2.228813295,2-WT
2.242938139,2-WT
2.271186246,2-WT
