Sample,Age,Gender,Butyrate,F. prausnitzii (ASV214) 
2-23-D,Young,Female,2.100548209,5.357552
2-20-D,Young,Female,0.91089653,7.303781
2-22-D,Middle age,Female,-0.829242176,4.459432
2-30-D,Old,Female,-0.78279875,4.321928
3-18-D,Old,Female,0.365257212,4.954196
3-25-D,Old,Female,-0.143823279,5.321928
